ind_ssp,ind_EEI,ind_technoelec,ind_technoCCS,ind_technoenduses,ind_ffuels,IEeur1,IEeur2,IEeur3,IEeur4,IEeur5,IEeur6,IEeur7,IEeur8,IEeur9,IEeur10,IEeur11,IEeur12,IEeur13,IEeur14,IEeur15,IEeur16,IEeur17,IEeur18,IEeur19,IEeur20,IEeur21,IEeur22,IEeur23,IEeur24,IEeur25,IEeur26,IEeur27,IEeur28,IEeur29,IEeur30,IEeur31,IEeur32,IEeur33,IEeur34,IEeur35,IEeur36,IEeur37,IEeur38,IEeur39,IEeur40,IEeur41,IEeur42,IEeur43,IEeur44,IEeur45,IEeur46,IEeur47,IEeur48,IEeur49,IEeur50,IEeur51,IEeur52,IEeur53,IEeur54,IEeur55,IEeur56,IEeur57,IEeur58,IEeur59,IEeur60,IEeur61,IEeur62,IEeur63,IEeur64,IEeur65,IEeur66,IEeur67,IEeur68,IEeur69,IEeur70,IEeur71,IEeur72,IEeur73,IEeur74,IEeur75
1,0,0,0,0,0,1,0.9791845,0.9727017,0.9654781,0.9592880,0.9543268,0.9490539,0.9471919,0.9467936,0.9470797,0.9579465,0.9525157,0.9510534,0.9233595,0.9013705,0.8820978,0.8630606,0.8449495,0.8275449,0.8100812,0.7926019,0.7747871,0.7574684,0.7396933,0.7225437,0.7056442,0.6888233,0.6714610,0.6551081,0.6381815,0.6215962,0.6083041,0.5951788,0.5812381,0.5665756,0.5516251,0.5365731,0.5216625,0.5071637,0.4936298,0.4809567,0.4699501,0.4602831,0.4519924,0.4442689,0.4368277,0.4295948,0.4224981,0.4155557,0.4087526,0.4019344,0.3951705,0.3883643,0.3811150,0.3754533,0.3694244,0.3632950,0.3577747,0.3534638,0.3502113,0.3471862,0.3435681,0.3387881,0.3344356,0.3299712,0.3250497,0.3196032,0.3140778,0.3092725,0.3046588,0.2999796,0.2949939,0.2900881,0.2848488,0.2799102
1,0,0,0,1,0,1.0002443,0.9792662,0.9723841,0.9645747,0.9575986,0.9516972,0.9454067,0.9424615,0.9408872,0.9399036,0.9483498,0.9404225,0.9354187,0.9052952,0.8822172,0.8604359,0.8389341,0.8181416,0.7976590,0.7772240,0.7570377,0.7366096,0.7175843,0.6983744,0.6793222,0.6607878,0.6420888,0.6225455,0.6037255,0.5848407,0.5660334,0.551737,0.5379772,0.5243857,0.5102461,0.4954977,0.4805290,0.4658140,0.4519453,0.4394920,0.4283703,0.4189439,0.4108398,0.4039660,0.3978211,0.3921213,0.3866304,0.3815164,0.3768548,0.3725427,0.3684546,0.3641331,0.3611163,0.3577194,0.3546651,0.3518827,0.3491332,0.3464406,0.3434579,0.3403704,0.3369275,0.3333250,0.3298702,0.3266500,0.3234492,0.3201178,0.3165262,0.3129301,0.3093373,0.3056113,0.3019238,0.2977622,0.2933961,0.2881446,0.2824860
1,0,0,0,1,1,1.0019996,0.9800139,0.9725717,0.9648613,0.9580384,0.9522556,0.9462391,0.9451062,0.9444677,0.9439761,0.9503400,0.9446217,0.9268683,0.9025385,0.8801660,0.8601270,0.8362817,0.8175780,0.7967685,0.7761395,0.7556762,0.7352440,0.7136529,0.6932100,0.6768605,0.6582016,0.6398014,0.6215185,0.6039221,0.5855856,0.5671796,0.5538683,0.5411747,0.5280494,0.5136289,0.4990414,0.4851032,0.4718959,0.4595808,0.4483943,0.4383682,0.4298531,0.4225926,0.4161473,0.4103436,0.4052757,0.4007673,0.3968283,0.3933463,0.3900772,0.3871113,0.3841701,0.3821261,0.3805058,0.3786760,0.3767257,0.3748516,0.3718802,0.3681979,0.3640873,0.3597359,0.3553491,0.350749,0.3454011,0.3401509,0.3357116,0.3310799,0.3262244,0.3212588,0.3169427,0.3119139,0.3070050,0.3011213,0.2953665,0.2898170
1,0,0,1,0,0,1,0.9791845,0.9727017,0.9654781,0.9592880,0.9543268,0.9490539,0.9471919,0.9467936,0.9470797,0.9579465,0.9552859,0.9415479,0.9217096,0.8998219,0.8817470,0.8633495,0.8460922,0.8291555,0.8121504,0.7949783,0.7776103,0.7606684,0.7435349,0.7275952,0.7118595,0.6960865,0.6805908,0.6650127,0.6498226,0.6349991,0.6238918,0.6131669,0.6023084,0.5911037,0.5794258,0.5676385,0.5558858,0.5443470,0.5333070,0.5228372,0.5133936,0.5051096,0.4975098,0.4901736,0.4824816,0.4744857,0.4662581,0.4580008,0.449961,0.4424205,0.4351622,0.4281421,0.4213282,0.4147339,0.4085022,0.4026167,0.3970403,0.3915080,0.3856975,0.3801259,0.3743097,0.3684254,0.3628257,0.3572631,0.3514388,0.3453828,0.3391177,0.3327074,0.3264642,0.3202495,0.3143017,0.3086629,0.3032526,0.2980297
1,0,0,1,0,1,1.0017691,0.9799396,0.9728896,0.9657748,0.9597941,0.9549191,0.9499000,0.9498576,0.9504473,0.9514181,0.9607646,0.9551446,0.9476021,0.9235713,0.9032373,0.8848337,0.8629035,0.8424807,0.8249140,0.8072639,0.7927987,0.7754668,0.7583158,0.7416602,0.725271,0.7076042,0.6911470,0.6770141,0.6624793,0.6489934,0.6366962,0.6288377,0.6200705,0.6103499,0.5994886,0.5879833,0.5757344,0.5637181,0.5522017,0.5417463,0.5318137,0.5228270,0.5143959,0.5065443,0.4986327,0.4903221,0.4815603,0.4720645,0.4620972,0.4520959,0.4426731,0.4337975,0.4255558,0.4174417,0.4094856,0.4020499,0.3950918,0.3885475,0.3820343,0.3754219,0.3687877,0.3621024,0.3553791,0.3486775,0.3421299,0.3355786,0.3286432,0.3218344,0.314352,0.3066550,0.2989681,0.2920689,0.2856933,0.279614,0.2740091
1,0,0,1,1,1,1.0019996,0.9800139,0.9725717,0.9648613,0.9580384,0.9522556,0.9462391,0.9451062,0.9444677,0.9439761,0.9503400,0.9426530,0.9321165,0.9050652,0.8819238,0.8614420,0.8377286,0.8193477,0.8003513,0.7799662,0.7593568,0.7390877,0.7175776,0.6988953,0.6822928,0.6650999,0.6482094,0.6313678,0.6156466,0.5992876,0.5843599,0.5748625,0.5648836,0.5544723,0.5427557,0.5309720,0.5191331,0.5079450,0.4987363,0.4911370,0.4848534,0.4797652,0.4755197,0.4717055,0.4675997,0.4633957,0.4590208,0.4540954,0.4485347,0.4424944,0.4362353,0.4293268,0.4224025,0.4153482,0.4076284,0.3991200,0.3902822,0.3813435,0.3716246,0.3582626,0.3460368,0.3344368,0.3235386,0.3136192,0.3051922,0.2975306,0.2909357,0.2883768,0.2854387,0.2827589,0.2794221,0.2764096,0.2732247,0.2701826,0.2633545
1,0,1,0,0,0,1.0013843,0.9804314,0.9741018,0.9669820,0.9607758,0.9555965,0.9499499,0.9478785,0.9471933,0.9475555,0.9562453,0.9517577,0.9510293,0.9246656,0.9047645,0.8856429,0.8667291,0.8491725,0.8329345,0.8165282,0.7987914,0.7805535,0.7630242,0.7447890,0.7277179,0.7106962,0.6936041,0.6760361,0.6577822,0.6394356,0.6213026,0.6066012,0.5922458,0.5783803,0.5646680,0.5507824,0.5371487,0.5237235,0.5107343,0.4989539,0.4884824,0.4786851,0.4700302,0.4625892,0.4553604,0.4481328,0.4407954,0.4333867,0.4260911,0.4190332,0.4125553,0.406451,0.4002401,0.3938342,0.3873446,0.3809996,0.374914,0.3702719,0.3649487,0.3594460,0.3543468,0.3494333,0.3452289,0.3412023,0.3368530,0.3320047,0.3270036,0.3217802,0.3165416,0.3112857,0.3061092,0.3010127,0.2958051,0.2905131,0.2852365
1,0,1,0,0,1,1.0031524,0.9811838,0.9742760,0.9672823,0.9612233,0.9562411,0.9508535,0.9505753,0.9508109,0.9517853,0.9591106,0.9546134,0.9527166,0.9276419,0.9070761,0.8887131,0.8666798,0.8465673,0.8289567,0.8132201,0.7961708,0.7785037,0.7608725,0.7432035,0.7237514,0.7051916,0.6885152,0.6712809,0.6542517,0.6375727,0.6217354,0.6085873,0.5952185,0.5820506,0.5683957,0.5549729,0.5421126,0.5298689,0.5182017,0.5075990,0.4979880,0.4887739,0.4804807,0.4730549,0.4655811,0.4578870,0.4500033,0.4419551,0.4339554,0.4261678,0.4193655,0.4132864,0.4080443,0.4033482,0.3989366,0.3945534,0.3900583,0.3860742,0.3820310,0.3778409,0.3735385,0.3690461,0.3642848,0.3592684,0.3542144,0.3490810,0.3438025,0.3386364,0.3335008,0.3285335,0.3230047,0.3175314,0.3117813,0.3062210,0.3008403
1,0,1,0,1,0,1.0016344,0.9805117,0.9737876,0.9660773,0.9590514,0.9529687,0.9463289,0.9431967,0.9413451,0.9404047,0.9466569,0.9396342,0.9352365,0.9065023,0.8838873,0.8630630,0.8428384,0.8230748,0.8079109,0.7860772,0.7649941,0.7436523,0.7238139,0.7043118,0.6848681,0.6656314,0.6472838,0.6281479,0.6078157,0.5877920,0.5682383,0.5524356,0.5375562,0.5240234,0.5107194,0.4971650,0.4840435,0.4716368,0.4602540,0.4505131,0.4423714,0.4347626,0.4282916,0.4229547,0.4180853,0.4134623,0.4088733,0.4040063,0.3989241,0.3935695,0.3883755,0.3833425,0.3800573,0.3762661,0.3723373,0.3684212,0.3642291,0.3598243,0.3548280,0.3498077,0.3449754,0.3400413,0.3348680,0.3297568,0.3247834,0.3201257,0.3159139,0.3120419,0.3082821,0.3045492,0.3008403,0.2972140,0.2936758,0.2906715,0.2871552
1,0,1,0,1,1,1.0033907,0.9812586,0.9739633,0.9663574,0.9594892,0.9535249,0.9471602,0.9458243,0.9448599,0.9443869,0.9486635,0.9420498,0.9371622,0.9088977,0.8856359,0.8651921,0.8415069,0.8232986,0.8032223,0.7833537,0.7630075,0.7424737,0.7217461,0.7010761,0.6833209,0.6647642,0.6457308,0.6271132,0.6087965,0.5898780,0.5715454,0.5569142,0.5428033,0.5295400,0.5162548,0.5024066,0.4897614,0.4784358,0.4683319,0.4599579,0.4529927,0.4465996,0.4414182,0.4371502,0.4331805,0.4294293,0.4257286,0.4216230,0.4172250,0.4122999,0.4072695,0.4023879,0.3975055,0.3931410,0.3899543,0.3867228,0.3831045,0.3790618,0.3742318,0.3685539,0.3625336,0.3561435,0.3494814,0.3433289,0.3372600,0.3311684,0.3251373,0.3195149,0.3141885,0.3089698,0.3040769,0.2993046,0.2941084,0.2923504,0.2903074
1,0,1,1,0,0,1.0013843,0.9804314,0.9741018,0.9669820,0.9607758,0.9555965,0.9499499,0.9478785,0.9471933,0.9475555,0.9562453,0.9517321,0.9508876,0.9246188,0.9048412,0.8859615,0.8674159,0.8558757,0.8378468,0.8247616,0.8048426,0.7859833,0.7673987,0.7493444,0.7312314,0.7134382,0.6961039,0.6793833,0.6626215,0.6464709,0.6308988,0.6206875,0.6103362,0.6003194,0.5894982,0.5781447,0.5666636,0.5549932,0.5432254,0.5317234,0.5203903,0.5091683,0.4989598,0.4899284,0.4810772,0.4721267,0.4631213,0.4540361,0.4451311,0.4366607,0.4290908,0.4221045,0.4155382,0.4093384,0.4035063,0.3979419,0.3921915,0.3863660,0.3805111,0.3746450,0.3689497,0.3635699,0.3578667,0.3521358,0.3465638,0.3409330,0.3352278,0.3290990,0.3232608,0.3177252,0.3123169,0.3071691,0.3021878,0.2973254,0.2925353
1,0,1,1,0,1,1.0031524,0.9811838,0.9742760,0.9672823,0.9612233,0.9562411,0.9508535,0.9505753,0.9508109,0.9517853,0.9591106,0.9545214,0.9532751,0.9279233,0.9073626,0.8892763,0.8673982,0.8476939,0.8340525,0.8168726,0.7996463,0.7820466,0.7646299,0.7449406,0.7259719,0.7098635,0.6935962,0.6774307,0.6628072,0.6492926,0.6371896,0.6270018,0.6170687,0.6068936,0.5961909,0.5844910,0.5732151,0.5616006,0.5495314,0.5374506,0.5254279,0.5132572,0.5016332,0.4907879,0.4798082,0.4686673,0.4574466,0.4459466,0.4344430,0.4235473,0.4138231,0.4052416,0.3978233,0.3912340,0.3851210,0.3791414,0.3730461,0.3669079,0.3607591,0.3546363,0.3485704,0.3425427,0.3365843,0.3305775,0.3245733,0.3183862,0.3121207,0.3050477,0.2982176,0.2907717,0.2830426,0.2754558,0.2680823,0.2625984,0.2590106
1,0,1,1,1,0,1.0016344,0.9805117,0.9737876,0.9660773,0.9590514,0.9529687,0.9463289,0.9431967,0.9413451,0.9404047,0.9466569,0.9396053,0.9350936,0.9064749,0.8841826,0.8635452,0.8435944,0.8295682,0.8074505,0.7915282,0.7693579,0.7479683,0.7282675,0.7081568,0.6893451,0.6706789,0.6521847,0.6338989,0.6158720,0.5977424,0.5801445,0.5669253,0.5549049,0.5442717,0.5336899,0.5227312,0.5119595,0.5015786,0.4921616,0.4835161,0.4759701,0.4683295,0.4612532,0.4545299,0.4476669,0.4404849,0.4327562,0.4240283,0.4143591,0.4035855,0.392624,0.3815270,0.3705455,0.3598333,0.3492985,0.3403392,0.3323897,0.3250466,0.3181662,0.3116920,0.3055818,0.2995651,0.2936396,0.2878782,0.2824188,0.2773408,0.2726120,0.2681495,0.2637697,0.2597476,0.2554777,0.2515793,0.2473277,0.2425455,0.2373521
1,0,1,1,1,1,1.0033907,0.9812586,0.9739633,0.9663574,0.9594892,0.9535249,0.9471602,0.9458243,0.9448599,0.9443869,0.9486635,0.9419637,0.9370076,0.9088925,0.8859061,0.8660215,0.8424036,0.8245250,0.8059116,0.7868519,0.7663494,0.7460661,0.7255640,0.7049475,0.6870565,0.6692075,0.6513094,0.6343648,0.6173728,0.6008363,0.5850856,0.5743025,0.5634656,0.5529928,0.5420703,0.5309942,0.5201871,0.5105801,0.5015807,0.4932634,0.4856284,0.4776411,0.4698896,0.4621276,0.4540067,0.4456023,0.4367378,0.4275913,0.4179991,0.4090534,0.4006007,0.3923370,0.3846171,0.3774751,0.3706317,0.3635766,0.3558988,0.3477607,0.3392906,0.3304104,0.3212516,0.3116805,0.3019710,0.2908233,0.2814392,0.2721600,0.2646179,0.2583313,0.2533591,0.2507738,0.2497817,0.2478148,0.2457176,0.2419318,0.2371294
1,1,0,0,0,0,1,0.9791845,0.9713312,0.9626659,0.9549314,0.9482726,0.9411523,0.9372620,0.9345826,0.9325924,0.9397652,0.9323153,0.9282128,0.8982918,0.8755407,0.8536680,0.8320248,0.8110919,0.7911643,0.7708327,0.7504868,0.7297138,0.7094143,0.6886756,0.6687356,0.6502683,0.6318017,0.6128028,0.5938349,0.5748010,0.5554349,0.5396149,0.5241777,0.5086227,0.4925930,0.4761342,0.4594905,0.4428390,0.4272247,0.4140010,0.4014082,0.3895690,0.3779074,0.3677721,0.3565098,0.3465189,0.3367623,0.3274827,0.3186584,0.3097338,0.3011694,0.2937237,0.2866715,0.2807968,0.2760484,0.2706498,0.2654994,0.2594927,0.2544297,0.2494116,0.2445510,0.2391394,0.2336334,0.2285745,0.2236923,0.2180889,0.2126762,0.2074687,0.2024057,0.1975186,0.1929121,0.1883637,0.1837206,0.1790714,0.1740584
1,1,0,0,1,0,1.0002443,0.9792662,0.9710058,0.9617361,0.9531844,0.9455435,0.9373565,0.9323155,0.9283748,0.9250882,0.9297006,0.9197315,0.9118791,0.8795302,0.8541181,0.8305878,0.8072131,0.7898031,0.7645708,0.7404311,0.7167711,0.6933757,0.6712233,0.6490576,0.6278290,0.6069135,0.5871725,0.5669447,0.5461816,0.5256541,0.5057531,0.4899783,0.4748088,0.4602984,0.4451739,0.4291644,0.4128960,0.3983503,0.3850701,0.3722672,0.3599859,0.3485705,0.3373825,0.3280894,0.3173234,0.3095913,0.3004880,0.2929839,0.2856850,0.2788696,0.2723961,0.2665899,0.2614282,0.2565684,0.2520115,0.2478314,0.2442605,0.2408001,0.2368312,0.2331316,0.2291181,0.2249248,0.2211620,0.2170849,0.2131216,0.2091772,0.2055076,0.2014846,0.1969182,0.1921811,0.1872319,0.1827505,0.1793015,0.1765325,0.1739267
1,1,0,0,1,1,1.0019996,0.9800139,0.9712032,0.9620388,0.9536548,0.9461594,0.9382689,0.9350578,0.9320610,0.9295449,0.9325114,0.9227388,0.9097698,0.8754854,0.8460518,0.8240300,0.8110034,0.7909628,0.7692645,0.7467415,0.7222548,0.6948991,0.6707280,0.6480040,0.6277564,0.6079542,0.5873575,0.5681887,0.5490742,0.5303649,0.5128304,0.4989144,0.4847427,0.4710281,0.4564363,0.4406191,0.4244171,0.4091990,0.3970173,0.3853898,0.3742873,0.3637708,0.3543165,0.3450735,0.3363589,0.3288132,0.3214499,0.3142528,0.3072176,0.3004529,0.2937880,0.2875861,0.2822938,0.2771870,0.2723868,0.2679243,0.2635636,0.2589992,0.2542672,0.2496435,0.2449393,0.2398793,0.2346567,0.2294759,0.2247506,0.2203745,0.216326,0.2124811,0.2086664,0.2046065,0.2002393,0.1957189,0.1909110,0.1866580,0.1838301
1,1,0,1,0,0,1,0.9791845,0.9713312,0.9626659,0.9549314,0.9482726,0.9411523,0.9372620,0.9345826,0.9325924,0.9397652,0.9323245,0.9280788,0.8983875,0.8756795,0.8540387,0.8328659,0.8132969,0.7941778,0.7737584,0.7533175,0.7327613,0.7131741,0.6928326,0.6739381,0.6553242,0.6369166,0.6186276,0.6009793,0.5835548,0.5704271,0.5600425,0.5475792,0.5338275,0.5195238,0.5045297,0.4894589,0.4742559,0.4594682,0.4462790,0.4343332,0.4237358,0.4139746,0.4047184,0.3951672,0.3862648,0.3763441,0.3668294,0.3577327,0.3489088,0.3409970,0.3333884,0.3263817,0.3192950,0.3121852,0.3051166,0.2980835,0.2910562,0.2838318,0.2765818,0.2694124,0.2623112,0.2553345,0.2484410,0.2417299,0.2346951,0.2284779,0.2216043,0.2158165,0.2097491,0.2040372,0.1980472,0.1923479,0.1867712,0.1817410
1,1,0,1,1,0,1.0002443,0.9792662,0.9710058,0.9617361,0.9531844,0.9455435,0.9373565,0.9323155,0.9283748,0.9250882,0.9297006,0.9197426,0.9092635,0.8739133,0.8452684,0.8212362,0.8027254,0.7931324,0.7675349,0.7516543,0.7243223,0.6992674,0.6750340,0.6525039,0.6308580,0.6104400,0.5902914,0.5707692,0.5558803,0.5410584,0.5244122,0.5110694,0.4976080,0.4853715,0.4722090,0.4577556,0.4440252,0.4289567,0.4154575,0.4034189,0.3925359,0.3815152,0.3709444,0.3607472,0.3509464,0.3414490,0.3321301,0.3229253,0.3141835,0.3056639,0.297926,0.2903150,0.2830155,0.2757470,0.2686246,0.2620850,0.2558857,0.2498676,0.2438113,0.2376919,0.2318332,0.2263109,0.2210530,0.2159492,0.2109535,0.2060882,0.2012755,0.196524,0.1917715,0.1870172,0.1822346,0.1775692,0.1733962,0.1694893,0.1657263
1,1,0,1,1,1,1.0019996,0.9800139,0.9712032,0.9620388,0.9536548,0.9461594,0.9382689,0.9350578,0.9320610,0.9295449,0.9325114,0.9227553,0.9139620,0.8827591,0.8573460,0.8366719,0.8102091,0.7891758,0.7673051,0.7450691,0.7227509,0.6991210,0.6746059,0.6554333,0.6354247,0.6157469,0.5967950,0.5780137,0.5602170,0.5439820,0.5309995,0.5200227,0.5086230,0.4961748,0.4827654,0.4682316,0.4554760,0.4433511,0.4311338,0.4204658,0.4101581,0.4011875,0.3917348,0.3831986,0.3754132,0.3678821,0.3600264,0.3519378,0.3454467,0.3377343,0.3298711,0.3220963,0.3148953,0.3079763,0.3007591,0.2936212,0.2865056,0.2793679,0.2718315,0.2643345,0.2571081,0.2496000,0.2421446,0.2349397,0.2283282,0.2219657,0.2156948,0.2096863,0.2036983,0.1974730,0.1895205,0.1827000,0.1768956,0.1738224,0.1713148
1,1,1,0,0,0,1.0013843,0.9804314,0.9727282,0.9641604,0.9563738,0.9495328,0.9420590,0.9379373,0.9349959,0.9329946,0.9378724,0.9341864,0.9191311,0.8977627,0.8756365,0.8554745,0.8409464,0.8177743,0.8026621,0.7786825,0.7577882,0.7360868,0.7149548,0.6946207,0.6741912,0.6541802,0.6341120,0.6142011,0.5937190,0.5737668,0.5544282,0.5382187,0.5224541,0.5069679,0.4914935,0.4759066,0.4607306,0.4465114,0.4325722,0.4194448,0.4068035,0.3943321,0.3831302,0.3724500,0.3621919,0.3520310,0.3417972,0.3316198,0.3217749,0.3130152,0.3041668,0.2964278,0.2911742,0.2853379,0.2799281,0.2740969,0.2682591,0.2628786,0.2576791,0.2517989,0.2460654,0.2407399,0.2351091,0.2293435,0.2239435,0.2180844,0.2124701,0.2072052,0.2019080,0.1963503,0.1907804,0.1855530,0.1802873,0.1755424,0.1709428
1,1,1,0,0,1,1.0031524,0.9811838,0.9729124,0.9644766,0.9568808,0.9501937,0.9430377,0.9407374,0.9387019,0.9372807,0.9404369,0.9342029,0.9305120,0.9022592,0.8798279,0.8600970,0.8362251,0.8182799,0.7991522,0.7786140,0.7576886,0.7366193,0.7146551,0.6949376,0.6752508,0.6556495,0.6360836,0.6169635,0.5974259,0.5780569,0.5600379,0.5453916,0.5306272,0.5157614,0.5009946,0.4860954,0.4711565,0.4571321,0.444025,0.4318276,0.4205328,0.4095937,0.3994655,0.3901655,0.3808744,0.3716002,0.3623556,0.3528266,0.3435252,0.3343928,0.3260628,0.3181748,0.3109709,0.3049261,0.2990589,0.2933004,0.2875452,0.2817881,0.2756247,0.2695374,0.2638466,0.2584287,0.2526615,0.2468569,0.2412368,0.2356659,0.2302155,0.2248099,0.2193010,0.2134955,0.2071229,0.2008713,0.1950789,0.1898327,0.1850664
1,1,1,0,1,0,1.0016344,0.9805117,0.9724061,0.9632291,0.9546224,0.9468014,0.9382668,0.9330101,0.9287832,0.9255171,0.9279217,0.9189030,0.9117326,0.8806895,0.8563317,0.834146,0.8168082,0.7959497,0.7758053,0.7484297,0.7282913,0.7022069,0.6788971,0.6557951,0.6344616,0.6132383,0.5921906,0.5708512,0.5496607,0.5284995,0.5080197,0.4915556,0.4759686,0.4613920,0.4466092,0.4313771,0.4163943,0.4021203,0.3885740,0.3762360,0.3647293,0.3534929,0.3431144,0.3336792,0.3247549,0.3163800,0.3085738,0.3011118,0.2942827,0.2874865,0.2811310,0.2753425,0.2705845,0.2665699,0.2620945,0.2582609,0.2538436,0.2492827,0.2443474,0.2399420,0.2349796,0.2296832,0.2248841,0.2203511,0.2157871,0.2108829,0.2064659,0.2026700,0.1987482,0.1949276,0.1915511,0.1885251,0.1853969,0.1820539,0.1779392
1,1,1,0,1,1,1.0033907,0.9812586,0.9725916,0.9635255,0.9550911,0.9474148,0.9391957,0.9357525,0.9323997,0.9298670,0.9308032,0.92378,0.9064791,0.8832309,0.8610712,0.8409072,0.8144608,0.7933673,0.7713941,0.7491315,0.7259791,0.7025591,0.6790104,0.6558053,0.6356083,0.6152607,0.5949227,0.5745723,0.5547265,0.5353942,0.5163276,0.5020563,0.4877761,0.4732364,0.4584065,0.4436689,0.4289291,0.4149046,0.4033391,0.3930078,0.3836673,0.3745376,0.3665797,0.3586182,0.3508562,0.3433976,0.3363999,0.3292091,0.3222206,0.3151173,0.3082563,0.3020704,0.296126,0.2905446,0.2851112,0.2797802,0.2744773,0.2690580,0.2634944,0.2580589,0.2527307,0.2471731,0.2416081,0.2362522,0.2311979,0.2261789,0.2210376,0.2159647,0.2109403,0.2058919,0.2009981,0.1963981,0.1920827,0.1880101,0.1842576
1,1,1,1,0,0,1.0013843,0.9804314,0.9727282,0.9641604,0.9563738,0.9495328,0.9420590,0.9379373,0.9349959,0.9329946,0.9378724,0.9341497,0.9190663,0.8978058,0.8757928,0.8614076,0.8435339,0.8264408,0.8062212,0.7883395,0.7631183,0.7451722,0.7228033,0.7005589,0.6785386,0.6574261,0.6371497,0.6202817,0.6031194,0.5866711,0.5691350,0.5540772,0.5391515,0.5242368,0.5090137,0.4943322,0.4818309,0.4702714,0.4585712,0.4468195,0.4353270,0.4236013,0.4140313,0.4031162,0.3926528,0.3821608,0.3719337,0.3621241,0.352715,0.3435777,0.3353515,0.3274444,0.3201889,0.3131771,0.3063587,0.2995720,0.2925801,0.2855386,0.2784843,0.2715369,0.2647707,0.2580200,0.2513247,0.2447449,0.2383768,0.2321707,0.2261013,0.2202159,0.2144488,0.2088589,0.2031506,0.1978446,0.1919358,0.1862811,0.1812398
1,1,1,1,0,1,1.0031524,0.9811838,0.9729124,0.9644766,0.9568808,0.9501937,0.9430377,0.9407374,0.9387019,0.9372807,0.9404369,0.9362878,0.9222945,0.8992642,0.8806853,0.8618528,0.8385896,0.8204256,0.8014591,0.7820526,0.7623232,0.7411030,0.7191662,0.6991587,0.6791258,0.6595735,0.6412014,0.6235742,0.6061792,0.5904566,0.5771134,0.5643649,0.5516942,0.5389222,0.5253593,0.5116402,0.4978885,0.4844966,0.4710379,0.4580966,0.4453418,0.4327227,0.4210148,0.4097555,0.3988793,0.3882239,0.3778505,0.3674048,0.3569218,0.3466980,0.3372084,0.3284034,0.3202300,0.3126147,0.3053734,0.2982236,0.2909899,0.2837796,0.2766845,0.2696216,0.2628560,0.2562742,0.2497559,0.2433711,0.2372471,0.2311715,0.2251145,0.2192256,0.2133575,0.2068741,0.2006871,0.1949612,0.1895313,0.1843425,0.1795496
1,1,1,1,1,0,1.0016344,0.9805117,0.9724061,0.9632291,0.9546224,0.9468014,0.9382668,0.9330101,0.9287832,0.9255171,0.9279217,0.9189251,0.9078093,0.8925086,0.8633140,0.8353119,0.8162979,0.7960341,0.7763990,0.7551942,0.7326040,0.7106334,0.6851848,0.6616914,0.6389402,0.6171244,0.596038,0.5787294,0.5603143,0.5419443,0.5232822,0.5082166,0.4935966,0.4790771,0.4656656,0.4529792,0.4410999,0.4288554,0.4165689,0.4046785,0.3933654,0.3823262,0.3721232,0.3627514,0.3546773,0.3462767,0.3384103,0.3310115,0.3239678,0.3171399,0.3109210,0.3050240,0.2995236,0.2942335,0.2887834,0.2833380,0.2776364,0.2716999,0.2658049,0.2598259,0.2540354,0.2483330,0.2429029,0.2377307,0.2327518,0.2280130,0.2234564,0.2190343,0.2147139,0.2105081,0.2063739,0.2021817,0.1979389,0.1938950,0.1896060
1,1,1,1,1,1,1.0033907,0.9812586,0.9725916,0.9635255,0.9550911,0.9474148,0.9391957,0.9357525,0.9323997,0.9298670,0.9308032,0.9222257,0.910689,0.8993903,0.8695253,0.8395232,0.8128635,0.7964503,0.7761949,0.7551413,0.7324314,0.7093937,0.6837237,0.6598410,0.6386040,0.6189257,0.5997891,0.5815683,0.5646759,0.5495091,0.5336229,0.5204938,0.5075268,0.4941252,0.4807897,0.4678653,0.4555383,0.4427644,0.4316754,0.4205048,0.4100251,0.3994159,0.3892852,0.3792355,0.3699823,0.3608319,0.3520298,0.3431362,0.3344436,0.3258697,0.3177675,0.3099981,0.3029481,0.2960005,0.2890648,0.2819559,0.2746954,0.2673016,0.2599086,0.2526927,0.2458049,0.2388702,0.2319713,0.2253214,0.2193245,0.2138429,0.2087046,0.2037707,0.1987014,0.1931711,0.1875008,0.1811687,0.1762716,0.1713024,0.1652904
2,0,0,0,0,0,1.000148,0.9793712,0.9731492,0.9663533,0.9605333,0.9558502,0.9506143,0.9486519,0.9480918,0.9480085,0.9583194,0.9559062,0.9427212,0.9228078,0.9031885,0.8849616,0.8666378,0.8492426,0.8319171,0.8144613,0.7971705,0.7798806,0.7633975,0.7466043,0.7298845,0.7138625,0.6977376,0.6808169,0.6638370,0.6479241,0.6317177,0.6189017,0.6062776,0.5931553,0.5785992,0.5636477,0.5489772,0.5342793,0.5198562,0.5064728,0.4938576,0.4828804,0.4734674,0.4650109,0.4571961,0.449508,0.4419904,0.4346000,0.4274126,0.4204533,0.4142245,0.4082285,0.4018436,0.3952910,0.3902609,0.3840143,0.3776444,0.3722069,0.3673668,0.3641711,0.3620224,0.3579025,0.3535724,0.3501723,0.3462693,0.3415072,0.3362264,0.3314540,0.3267104,0.3224087,0.3180618,0.3136147,0.3088838,0.3032182,0.2975140
2,0,0,0,0,1,1.0019065,0.9801206,0.9733414,0.9666440,0.9609811,0.9564201,0.9514639,0.9513186,0.9517839,0.9524097,0.9612683,0.9558435,0.9486605,0.924708,0.9047238,0.8865888,0.8651435,0.8451272,0.8262187,0.8106936,0.7938909,0.7768554,0.7616857,0.7443992,0.7277028,0.7092090,0.6935462,0.6768895,0.6605410,0.6455622,0.6297510,0.6174725,0.6048772,0.5914423,0.5775118,0.5634076,0.5497091,0.5363268,0.5234193,0.5113521,0.4998711,0.4898912,0.4808885,0.4729828,0.4654757,0.4581898,0.4512695,0.4445785,0.4381831,0.4321714,0.4268980,0.4222442,0.4177774,0.4137304,0.4098941,0.4064344,0.4027009,0.3989103,0.3949226,0.3905492,0.3858188,0.3806060,0.3759166,0.3719594,0.3684975,0.3651350,0.3614582,0.3572740,0.3526325,0.3484485,0.3432160,0.3374988,0.3316856,0.3254627,0.3163571
2,0,0,0,1,0,1.0003904,0.9794526,0.9728868,0.9654374,0.9587727,0.9531165,0.946866,0.9438457,0.9421783,0.9408920,0.9488723,0.9413331,0.9342486,0.9041473,0.8723921,0.8472667,0.8247069,0.8102885,0.8059917,0.7925722,0.7678744,0.7545247,0.7300689,0.7081138,0.6876876,0.6680180,0.6491031,0.6300083,0.6109670,0.5925209,0.5742834,0.5606764,0.5477908,0.5359960,0.5235990,0.5098196,0.4951351,0.4799315,0.4649388,0.4522403,0.4414294,0.4318120,0.4240345,0.4169804,0.4103155,0.4038441,0.3975771,0.3914359,0.3856479,0.3800480,0.3748613,0.3697271,0.3665294,0.3625955,0.3595036,0.3572632,0.3553435,0.3533424,0.3506593,0.3475776,0.3443689,0.3405024,0.3359859,0.3313743,0.3269785,0.3227930,0.3188293,0.3151936,0.3120606,0.3078291,0.3030479,0.2969305,0.290187,0.2852943,0.2807286
2,0,0,0,1,1,1.0021353,0.9801947,0.9730379,0.9657403,0.95923,0.9536968,0.9477189,0.9465295,0.9457620,0.9450637,0.9509784,0.9434560,0.9377320,0.9088825,0.8851293,0.8645011,0.8409036,0.8225149,0.8033742,0.7838889,0.7629277,0.7424387,0.7208463,0.7007462,0.6845349,0.6648725,0.6471436,0.6292621,0.6098615,0.5962273,0.5788822,0.5656975,0.5530338,0.5400601,0.5261828,0.5119954,0.4982436,0.4852334,0.4730864,0.4618455,0.4513855,0.4421394,0.4337296,0.4260853,0.4190379,0.4127779,0.4070514,0.4018326,0.3972536,0.3928858,0.3895724,0.3867972,0.3845356,0.3830651,0.3816590,0.3800805,0.3781824,0.3757895,0.3728679,0.3695682,0.3662447,0.3622410,0.3577316,0.3525529,0.3480745,0.3434677,0.3384961,0.3332644,0.3287538,0.3232060,0.3188173,0.3141308,0.3099223,0.3045941,0.2971399
2,0,0,1,0,1,1.0019065,0.9801206,0.9733414,0.9666440,0.9609811,0.9564201,0.9514639,0.9513186,0.9517839,0.9524097,0.9612683,0.9558561,0.9486004,0.9247896,0.9050326,0.8872268,0.8660507,0.8462740,0.8306787,0.8138575,0.7970386,0.7800969,0.7653685,0.7488232,0.7329203,0.7163538,0.7023197,0.6869486,0.6725870,0.6590145,0.6475633,0.6389906,0.6300834,0.6202727,0.6097860,0.5979949,0.5864462,0.5751312,0.5643586,0.5541486,0.5444740,0.5358553,0.5278569,0.5205596,0.5132915,0.5058624,0.4982562,0.4902728,0.4819249,0.4734480,0.4651540,0.4568048,0.4486585,0.4403924,0.4320627,0.4240743,0.4163849,0.4089909,0.4013762,0.3936682,0.3859933,0.3781550,0.3703864,0.3628012,0.3554408,0.3483067,0.3414184,0.3343651,0.3284196,0.3211420,0.3132286,0.3068989,0.3009943,0.2945783,0.2886833
2,0,0,1,1,0,1.0003904,0.9794526,0.9728868,0.9654374,0.9587727,0.9531165,0.946866,0.9438457,0.9421783,0.9408920,0.9488723,0.9413426,0.9362730,0.907043,0.8850431,0.8640991,0.8436435,0.8237796,0.8097932,0.7878018,0.7669682,0.7465464,0.7277976,0.7090685,0.6906779,0.6731329,0.6568714,0.6404000,0.6240161,0.6083527,0.5930237,0.5817161,0.5712209,0.5616647,0.5517947,0.5410925,0.5301629,0.5191181,0.5084294,0.4985316,0.4894380,0.4811091,0.4733143,0.4663548,0.4599438,0.4539306,0.4482352,0.4427873,0.4374527,0.4323301,0.4279449,0.4239863,0.4203890,0.4170099,0.4135323,0.4100630,0.4060336,0.4016076,0.3966809,0.3914409,0.3853003,0.3793135,0.3736168,0.3679078,0.3621046,0.3566608,0.3492169,0.3421108,0.3355906,0.3293408,0.3235107,0.3185492,0.3133034,0.3072179,0.3009663
2,0,0,1,1,1,1.0021353,0.9801947,0.9730379,0.9657403,0.95923,0.9536968,0.9477189,0.9465295,0.9457620,0.9450637,0.9509784,0.9434695,0.9376827,0.9089577,0.8854442,0.8651714,0.8418002,0.8238875,0.8052127,0.7861105,0.7659723,0.7456993,0.7243188,0.7047957,0.6895008,0.6719934,0.6558159,0.6395072,0.6237788,0.6085156,0.5948753,0.5867238,0.5780714,0.5690201,0.5578201,0.5465414,0.5348307,0.5231870,0.5131688,0.5040829,0.4960473,0.4889825,0.4826917,0.4769717,0.4713937,0.4663384,0.4614523,0.4564927,0.4511598,0.4452005,0.4390407,0.4332087,0.4275410,0.4214947,0.4149986,0.4078512,0.4004529,0.3929042,0.3848139,0.3761331,0.3672905,0.3581175,0.3454790,0.3341644,0.3244396,0.3161197,0.3092680,0.3037652,0.2988201,0.2979202,0.2945187,0.2926245,0.2886784,0.2836344,0.2788058
2,0,1,0,0,0,1.0015322,0.9806181,0.9745712,0.9678690,0.9619945,0.9571179,0.9515504,0.9493928,0.9485772,0.9485199,0.9565325,0.9523172,0.9518057,0.9257773,0.9067831,0.8881860,0.8699145,0.8577315,0.8437161,0.8249517,0.8060313,0.7874523,0.7696759,0.7518194,0.7339509,0.7174813,0.7010452,0.6841506,0.6666081,0.6494423,0.6318720,0.6174858,0.6034707,0.5899298,0.5763790,0.5627881,0.5494277,0.5363141,0.5237016,0.5122044,0.5018042,0.4919501,0.4833348,0.4760240,0.4690466,0.4620961,0.4550628,0.4480949,0.4412851,0.4347157,0.4288699,0.4232798,0.4178844,0.4121793,0.4061002,0.3998245,0.3934793,0.3871630,0.3808974,0.3748414,0.3690065,0.3639612,0.3587285,0.3536883,0.3493776,0.3450654,0.3405373,0.3357020,0.3307961,0.3257849,0.3208930,0.3159450,0.3107644,0.3055683,0.3003514
2,0,1,0,0,1,1.0032897,0.9813648,0.9747318,0.9681364,0.9624267,0.9576755,0.9523783,0.9520277,0.9521501,0.9527863,0.9595281,0.9551624,0.9486595,0.9213793,0.8979000,0.8812396,0.8662629,0.8528560,0.8379316,0.8217609,0.8049826,0.7857232,0.7650983,0.7472961,0.7292681,0.7128586,0.6960214,0.6793122,0.6628449,0.6467585,0.6309865,0.6185202,0.6057400,0.5926983,0.5792846,0.5658670,0.5530860,0.5408983,0.5295765,0.5192727,0.5098654,0.5008156,0.4930828,0.4859146,0.4788204,0.4714956,0.4640814,0.4567251,0.4493489,0.4421278,0.4356982,0.4298887,0.4246674,0.4196411,0.4145839,0.4093446,0.4045819,0.4000500,0.3952981,0.3905274,0.3861172,0.3816838,0.3769182,0.3720949,0.3672443,0.3621753,0.3570602,0.3522761,0.3480429,0.3435504,0.3385664,0.3336426,0.3286171,0.3236415,0.3188937
2,0,1,0,1,0,1.0017804,0.9806981,0.9742670,0.9669468,0.9602626,0.9544400,0.9478740,0.9446418,0.9426568,0.9413989,0.9470831,0.9403568,0.9297812,0.9231867,0.8915873,0.8702138,0.8479416,0.8282535,0.8129677,0.7922119,0.7712848,0.7505452,0.7303856,0.7108826,0.6920476,0.6733799,0.6546244,0.6358462,0.6175714,0.5985542,0.5798753,0.5654924,0.5520287,0.5382104,0.5255583,0.5123572,0.4991846,0.4862143,0.4738725,0.4629778,0.4533319,0.4440659,0.4360208,0.4288743,0.4230145,0.4173501,0.4121413,0.4069029,0.4015187,0.3958286,0.3901263,0.3845534,0.3806833,0.3766638,0.3734033,0.3705694,0.3679120,0.3648527,0.3614743,0.3581697,0.3545572,0.3506002,0.3461892,0.3416169,0.3368018,0.3319319,0.3270976,0.3222924,0.3178300,0.3137010,0.3096190,0.3057192,0.3016533,0.2972771,0.2928427
2,0,1,0,1,1,1.0035263,0.9814393,0.9744364,0.9672179,0.9606869,0.9549794,0.9486813,0.9472565,0.9461824,0.9455244,0.9492998,0.9427893,0.9327780,0.9256865,0.8942032,0.8718647,0.8476864,0.8290061,0.8098083,0.7905950,0.7699408,0.7495810,0.7276450,0.7083533,0.6907623,0.6717531,0.6532054,0.6349661,0.6175504,0.5996584,0.5818020,0.5686380,0.5557087,0.5426144,0.5303592,0.5168037,0.5039076,0.4917352,0.4806493,0.4708634,0.4623218,0.4541655,0.4471168,0.4408787,0.4356931,0.4309799,0.4266189,0.4221275,0.4176323,0.4131132,0.4088730,0.4045038,0.4001137,0.3973748,0.3947960,0.392031,0.3891411,0.3860487,0.3822524,0.3778255,0.3733845,0.3680810,0.3618360,0.3556111,0.3491564,0.3422736,0.3350419,0.3275211,0.3197348,0.3137989,0.3080705,0.3030521,0.2988615,0.2953722,0.2917843
2,0,1,1,0,1,1.0032897,0.9813648,0.9747318,0.9681364,0.9624267,0.9576755,0.9523783,0.9520277,0.9521501,0.9527863,0.9595281,0.9550938,0.9530257,0.9285755,0.9090325,0.8915523,0.8703859,0.8510771,0.8359089,0.8194693,0.8050167,0.7892752,0.7728265,0.7548469,0.7372729,0.7182337,0.7019014,0.6864386,0.6724473,0.6587716,0.6459847,0.6374426,0.6281518,0.6180944,0.6077436,0.5969955,0.5857162,0.5742533,0.5625009,0.551139,0.5398881,0.5285098,0.5178323,0.5078244,0.4976683,0.4872346,0.4765725,0.4655409,0.4544021,0.4430800,0.4338655,0.4248473,0.4167160,0.4092152,0.4021790,0.3953247,0.3882524,0.3811254,0.3740843,0.3672159,0.3605426,0.3538827,0.3473670,0.3410249,0.3347745,0.3285643,0.3224137,0.3163524,0.3099022,0.3041693,0.2977696,0.2914335,0.2858514,0.2809370,0.2765793
2,0,1,1,1,0,1.0017804,0.9806981,0.9742670,0.9669468,0.9602626,0.9544400,0.9478740,0.9446418,0.9426568,0.9413989,0.9470831,0.9403268,0.9358688,0.9084407,0.8866230,0.8665633,0.8524665,0.8312251,0.8161929,0.7942523,0.7777497,0.7552146,0.7348182,0.7143537,0.6949414,0.6771153,0.6597965,0.6425235,0.6255998,0.6090135,0.5926607,0.5802254,0.5689859,0.5589149,0.5486063,0.5375152,0.5261686,0.5149346,0.5040181,0.4941645,0.4847723,0.4749225,0.4654928,0.4566829,0.4480554,0.4391474,0.4297689,0.4197994,0.4090366,0.3977215,0.3867014,0.3759279,0.3657405,0.3564964,0.3490802,0.3429884,0.3373814,0.3319982,0.3267209,0.3215362,0.3162370,0.3107322,0.3050258,0.2991442,0.2932908,0.2876880,0.2823136,0.2770906,0.2719267,0.2668941,0.2621686,0.2578030,0.2537387,0.2496364,0.2459761
2,0,1,1,1,1,1.0035263,0.9814393,0.9744364,0.9672179,0.9606869,0.9549794,0.9486813,0.9472565,0.9461824,0.9455244,0.9492998,0.9427128,0.9376489,0.9102458,0.8879325,0.8684313,0.8462666,0.8286370,0.8103398,0.7916802,0.7728091,0.7524539,0.7308577,0.7115892,0.6940249,0.6762751,0.6592209,0.6423506,0.6265119,0.6105526,0.5961115,0.5869332,0.5774089,0.5675634,0.5565311,0.5453683,0.5338886,0.5232250,0.5128831,0.5030378,0.4938881,0.4842827,0.4752127,0.4663885,0.4574667,0.4486276,0.4398787,0.4310211,0.4221667,0.4135367,0.405428,0.3977053,0.3910798,0.3853051,0.3797299,0.373939,0.3674727,0.3605846,0.3532980,0.3457339,0.3379383,0.3296714,0.3211255,0.3125835,0.3044803,0.2952928,0.2866126,0.2785407,0.2702025,0.2658995,0.2621769,0.2578530,0.2560104,0.2537019,0.2511425
2,1,0,0,0,0,1.000148,0.9793712,0.9717773,0.9635349,0.9561626,0.9497734,0.9426896,0.9387093,0.9358911,0.9336224,0.9401227,0.9329614,0.9289036,0.8996454,0.8777181,0.8563802,0.8355509,0.8158842,0.7965458,0.7760634,0.7557466,0.7354237,0.7159569,0.6962273,0.6772316,0.6584881,0.6399676,0.6223636,0.6039700,0.5854079,0.5671125,0.5524281,0.5371506,0.5215246,0.5055112,0.4890505,0.4725672,0.4561781,0.4408173,0.4278217,0.4153181,0.4034555,0.391955,0.3813856,0.3705354,0.3604158,0.3499567,0.3406363,0.3319019,0.3231959,0.3146822,0.3070977,0.3000608,0.2934669,0.2883965,0.2828928,0.2780967,0.2728780,0.2679708,0.2626552,0.2571252,0.2522960,0.2469843,0.2421020,0.2368350,0.2312170,0.2257061,0.2203112,0.2153636,0.2102572,0.2053404,0.2003954,0.1954788,0.1904352,0.1859061
2,1,0,0,0,1,1.0019065,0.9801206,0.9719793,0.9638419,0.9566403,0.9503995,0.9436356,0.9414793,0.9397275,0.9382067,0.9429325,0.9358639,0.9258665,0.9188667,0.8894269,0.8571196,0.8377062,0.8184594,0.7993120,0.7797551,0.7599025,0.7387236,0.7170023,0.6958458,0.6775358,0.6589507,0.6405400,0.6222011,0.6045654,0.5871612,0.5694062,0.5549567,0.5406754,0.5261131,0.5113076,0.4960501,0.4811156,0.4663219,0.4519778,0.4390331,0.4267675,0.4155506,0.4050886,0.3951953,0.3861820,0.3774018,0.3684734,0.3595412,0.3513286,0.3430566,0.3350966,0.3284364,0.3221972,0.3159753,0.3097470,0.3036075,0.2971197,0.2905074,0.2844006,0.2788352,0.2737503,0.2688454,0.2639956,0.2589193,0.2536652,0.2481274,0.2421242,0.2364467,0.2303218,0.2242846,0.2185834,0.2135743,0.2089588,0.2044231,0.2000427
2,1,0,0,1,0,1.0003904,0.9794526,0.9715060,0.9625920,0.9543973,0.9469753,0.9388011,0.9336766,0.9296471,0.9260813,0.9301352,0.9225874,0.9042346,0.8799295,0.8554473,0.8396674,0.8137636,0.7967629,0.7700850,0.7512980,0.7255901,0.7016338,0.6784807,0.6568931,0.6355571,0.6152176,0.5950472,0.5759596,0.5563716,0.5370224,0.5179108,0.5031063,0.4882234,0.4733178,0.4581016,0.4421791,0.4263937,0.4124722,0.3994630,0.3867584,0.3747050,0.3634121,0.3528631,0.3429569,0.3331332,0.3244428,0.3151699,0.3072041,0.299378,0.2918614,0.2847705,0.2786409,0.2732733,0.2679965,0.2629976,0.2586503,0.2547576,0.2508085,0.2472018,0.2434555,0.2395043,0.2359215,0.2315936,0.2270406,0.2228089,0.2189091,0.2152757,0.2119169,0.2083126,0.2037983,0.1988494,0.1934957,0.1883689,0.183707,0.1798796
2,1,0,0,1,1,1.0021353,0.9801947,0.9716675,0.9628864,0.9548359,0.9475965,0.9397622,0.9364508,0.9333979,0.9306507,0.9331422,0.9250705,0.9072242,0.8797825,0.8588687,0.8387136,0.8142269,0.7928424,0.7708620,0.7486730,0.7263825,0.7028981,0.6783278,0.6558863,0.6375049,0.6171053,0.5974066,0.5778361,0.5593206,0.5405387,0.5227509,0.5090047,0.4956701,0.4819373,0.4674511,0.4521752,0.4371292,0.4231353,0.4102039,0.3980436,0.3867127,0.3764256,0.3667712,0.3574670,0.3487302,0.3406437,0.3330233,0.3256843,0.3185985,0.3116873,0.3060237,0.3007158,0.2957460,0.2910447,0.2864863,0.2818105,0.2768318,0.2718910,0.2671968,0.2629055,0.2587929,0.2542366,0.2491617,0.2438147,0.2388362,0.2340900,0.2296599,0.2255926,0.2218382,0.2179747,0.2141704,0.2101721,0.2060399,0.2018816,0.1979004
2,1,0,1,0,0,1.000148,0.9793712,0.9717773,0.9635349,0.9561626,0.9497734,0.9426896,0.9387093,0.9358911,0.9336224,0.9401227,0.9329690,0.928768,0.8996124,0.8778452,0.8568060,0.8419008,0.8202469,0.8059836,0.7817349,0.7601568,0.7395561,0.7201655,0.7004947,0.6823251,0.6643794,0.6464707,0.6288231,0.6120632,0.5952180,0.5842856,0.5720125,0.5606970,0.5474488,0.5333736,0.5186626,0.5036041,0.4889831,0.4762001,0.4642806,0.4524063,0.4415492,0.4324946,0.4223977,0.4127273,0.4031563,0.3935249,0.3840831,0.3750340,0.3665746,0.3587663,0.3513159,0.3442004,0.3373630,0.3304434,0.3236540,0.3169086,0.3101307,0.3030807,0.2959502,0.2888749,0.2818887,0.2749062,0.2680706,0.2609191,0.2546503,0.2477103,0.2417255,0.2350292,0.2296342,0.2233655,0.2180346,0.2120256,0.2070292,0.2014579
2,1,0,1,0,1,1.0019065,0.9801206,0.9719793,0.9638419,0.9566403,0.9503995,0.9436356,0.9414793,0.9397275,0.9382067,0.9429325,0.9358772,0.9310793,0.9020846,0.8793557,0.8593291,0.8376836,0.8193653,0.8005273,0.7813379,0.7609488,0.7404166,0.7193904,0.6989075,0.6817786,0.6646364,0.6477598,0.6310848,0.6160363,0.6002816,0.5863750,0.5781438,0.5672586,0.5554273,0.5428562,0.5290941,0.5146341,0.5017768,0.4894162,0.4762967,0.4645611,0.4528964,0.4423236,0.4328831,0.4237746,0.4148613,0.4052843,0.3954772,0.3872469,0.3783134,0.3696281,0.3610794,0.3530924,0.3453280,0.3376071,0.3301321,0.3228954,0.3158138,0.3083321,0.3008847,0.2935846,0.2861740,0.2788833,0.2719035,0.2651548,0.2584396,0.2517846,0.2453225,0.2388971,0.2324476,0.2256655,0.2198504,0.2132476,0.2074644,0.2026000
2,1,0,1,1,0,1.0003904,0.9794526,0.9715060,0.9625920,0.9543973,0.9469753,0.9388011,0.9336766,0.9296471,0.9260813,0.9301352,0.9225410,0.9041852,0.8800147,0.8567438,0.8400576,0.8152731,0.7985180,0.7721763,0.7516357,0.7371209,0.708424,0.6835604,0.6613689,0.6403910,0.6212953,0.6025268,0.5841888,0.5700737,0.5551624,0.5391633,0.5262668,0.5139154,0.5010482,0.4879381,0.4751873,0.4613182,0.4479436,0.4363474,0.4245524,0.4122508,0.4014572,0.3901182,0.3790198,0.3684493,0.3581001,0.3482119,0.3386223,0.3292728,0.3204534,0.3121425,0.3042143,0.2965323,0.2890361,0.2818212,0.2751205,0.2687195,0.2626002,0.2566360,0.2509918,0.2456174,0.2403308,0.2355268,0.2310189,0.2267113,0.2224731,0.2181335,0.2136006,0.2089354,0.2043057,0.1997830,0.1954029,0.1912735,0.1873925,0.1836375
2,1,0,1,1,1,1.0021353,0.9801947,0.9716675,0.9628864,0.9548359,0.9475965,0.9397622,0.9364508,0.9333979,0.9306507,0.9331422,0.9250388,0.9065881,0.8829452,0.8605853,0.840351,0.8157839,0.7944222,0.7727435,0.7509527,0.7291233,0.7066364,0.6823339,0.6603582,0.6431034,0.6245295,0.6061218,0.5880302,0.5720877,0.5563955,0.5433838,0.5333961,0.5233031,0.5122289,0.4996643,0.4858908,0.4727891,0.4602890,0.4484516,0.4368735,0.4259701,0.4155034,0.4058540,0.3960946,0.3870775,0.3786810,0.3703076,0.3620862,0.3539463,0.3459830,0.3383170,0.3310728,0.3248882,0.3184824,0.3118992,0.3051706,0.2983920,0.2915939,0.2844875,0.2773023,0.2702185,0.2629988,0.2556716,0.2484083,0.2415516,0.2350070,0.2286893,0.2225270,0.2165687,0.2106476,0.2048388,0.1993370,0.1939224,0.1888685,0.1843758
2,1,1,0,0,0,1.0015322,0.9806181,0.9731960,0.9650411,0.9576098,0.9510253,0.9435838,0.9393940,0.936278,0.9340274,0.9381888,0.9318902,0.9292468,0.9006464,0.8795268,0.8592872,0.8434091,0.8271323,0.8038026,0.7883169,0.7644203,0.7425548,0.7217142,0.7009533,0.6815758,0.6622396,0.6431384,0.6239798,0.6048586,0.5853861,0.5662712,0.5503596,0.5348302,0.5190283,0.5040793,0.4889192,0.4743423,0.4601108,0.4461585,0.4328224,0.4201244,0.4077840,0.3961797,0.3858426,0.3756314,0.3655471,0.3553780,0.3451658,0.3357412,0.3269252,0.3182157,0.3101273,0.3045190,0.2995430,0.2937768,0.2885671,0.2828366,0.2779339,0.2722466,0.2663998,0.2613068,0.2561103,0.2503824,0.2445436,0.2390007,0.2334618,0.2278496,0.2224237,0.2171248,0.2118232,0.2066780,0.2016786,0.1967527,0.1914816,0.1864043
2,1,1,0,0,1,1.0032897,0.9813648,0.9733666,0.9653253,0.9580726,0.9516397,0.9445132,0.9421363,0.9400421,0.9385224,0.9410995,0.9369744,0.9225992,0.9022171,0.8816007,0.8643792,0.8423287,0.8237084,0.8046490,0.7852907,0.7655691,0.7442763,0.7224902,0.7008540,0.6822896,0.6636903,0.6451106,0.6258347,0.6077937,0.5894777,0.5711732,0.5565117,0.5417733,0.5270395,0.5122916,0.4976016,0.4832489,0.4695470,0.4568833,0.4451188,0.4342073,0.4234808,0.4136272,0.4041049,0.3949818,0.3859956,0.3770137,0.3679075,0.3588076,0.3497963,0.3414936,0.3335729,0.3261866,0.3200110,0.3141899,0.3084043,0.3026851,0.2971029,0.2910604,0.2850597,0.2793113,0.2737069,0.2680131,0.2623467,0.2567654,0.2512703,0.2457813,0.2403755,0.2349190,0.22928,0.2235723,0.2180343,0.2119824,0.2059414,0.2006086
2,1,1,0,1,0,1.0017804,0.9806981,0.9728835,0.9640915,0.9558197,0.9482463,0.9397525,0.9344353,0.9300988,0.9265509,0.9283098,0.9218571,0.9086770,0.8829163,0.8627904,0.8447587,0.8240174,0.8027226,0.7811753,0.7589597,0.7362541,0.7139025,0.6881828,0.6647471,0.6419629,0.6212513,0.6007786,0.5801760,0.5595653,0.5396157,0.5198645,0.5039666,0.4892740,0.4750781,0.4608018,0.4461037,0.4319396,0.4179420,0.4046862,0.3922605,0.3810343,0.3696009,0.3589173,0.3487715,0.3389479,0.3294290,0.3202438,0.3119354,0.3037433,0.2960095,0.2888874,0.2830617,0.2776357,0.2725549,0.2680621,0.2637415,0.2595853,0.2550327,0.2506848,0.2460872,0.2419548,0.2372815,0.2329074,0.2284799,0.2241424,0.2197474,0.2157855,0.2124406,0.2092677,0.2062106,0.2031973,0.2001630,0.1961191,0.1925312,0.1889762
2,1,1,0,1,1,1.0035263,0.9814393,0.9730627,0.9643790,0.9562750,0.9488436,0.9406586,0.9371387,0.9337312,0.9309640,0.9314041,0.9228755,0.9159332,0.8879674,0.8605254,0.8429091,0.8184978,0.7963163,0.7837482,0.7567758,0.7339799,0.7113563,0.6861890,0.6669821,0.6456964,0.6244200,0.6043016,0.5844522,0.5644506,0.5456214,0.5274712,0.5135129,0.4996187,0.4861251,0.4721121,0.4576256,0.4432805,0.4299093,0.4182781,0.4079137,0.3979769,0.3881516,0.3789128,0.3699657,0.3613877,0.3534195,0.3456566,0.3379097,0.3302206,0.3229894,0.3161371,0.3099224,0.3040282,0.2983924,0.2929782,0.2877285,0.2826629,0.2776411,0.2727603,0.2681265,0.2636512,0.2585234,0.2527247,0.2466965,0.2409936,0.2356036,0.2305502,0.2259635,0.2212970,0.2167055,0.2122387,0.2078492,0.2035062,0.1992377,0.1950609
2,1,1,1,0,0,1.0015322,0.9806181,0.9731960,0.9650411,0.9576098,0.9510253,0.9435838,0.9393940,0.936278,0.9340274,0.9381888,0.9319096,0.9286973,0.9002667,0.8792850,0.8642503,0.8473389,0.8296546,0.8111427,0.7919592,0.7723299,0.7527373,0.7337177,0.7101785,0.6879973,0.6708820,0.6509148,0.6348524,0.6160413,0.5994218,0.5819356,0.5667386,0.5518008,0.5368310,0.5222615,0.5097350,0.4983549,0.4869462,0.4753604,0.4635393,0.4517355,0.4401214,0.4289417,0.4183103,0.4088007,0.3981303,0.3878150,0.3779847,0.3687613,0.3597650,0.3514457,0.3436603,0.3363708,0.3297040,0.3231408,0.3166656,0.3099858,0.3031349,0.2962458,0.2892999,0.2825036,0.2757039,0.2689889,0.2624127,0.2560526,0.2498736,0.2437985,0.2378938,0.2323863,0.2270989,0.2218666,0.2165781,0.2114593,0.2058311,0.1999237
2,1,1,1,0,1,1.0032897,0.9813648,0.9733666,0.9653253,0.9580726,0.9516397,0.9445132,0.9421363,0.9400421,0.9385224,0.9410995,0.9369271,0.9231030,0.9014677,0.8829781,0.8658393,0.8438017,0.8252578,0.8065129,0.7875564,0.7683817,0.7488643,0.7270616,0.7073073,0.6875669,0.6685636,0.6511084,0.6345737,0.6174642,0.6024699,0.5875107,0.5764915,0.5647482,0.5524812,0.5389791,0.525601,0.5115756,0.4979321,0.4851330,0.4724298,0.4599058,0.4468801,0.4349020,0.4237209,0.4130498,0.4027449,0.3927252,0.3825792,0.3727202,0.3632236,0.3543198,0.3456752,0.3375983,0.3300136,0.3227120,0.3155217,0.3082326,0.3007649,0.2933550,0.2861498,0.2792342,0.2723842,0.2657012,0.2592739,0.2531135,0.2470628,0.2411680,0.2354741,0.2298167,0.2240884,0.2187544,0.2128235,0.2069658,0.2017420,0.1969451
2,1,1,1,1,0,1.0017804,0.9806981,0.9728835,0.9640915,0.9558197,0.9482463,0.9397525,0.9344353,0.9300988,0.9265509,0.9283098,0.9218167,0.9086127,0.8829983,0.8636175,0.8450755,0.8247442,0.8041799,0.7828610,0.7612698,0.7396088,0.7167035,0.6954743,0.6710826,0.6520763,0.6296856,0.6114055,0.5922957,0.5740730,0.5550627,0.5364446,0.5216164,0.5079008,0.4946006,0.4819956,0.4696667,0.4579763,0.4449635,0.4307305,0.4156519,0.4009411,0.3862681,0.3724121,0.3595452,0.3475813,0.3364214,0.3259584,0.3163576,0.3073733,0.2989993,0.2912856,0.2839854,0.2770440,0.2706324,0.2645715,0.2589265,0.2533187,0.2478161,0.2424591,0.2373404,0.2325163,0.2278751,0.2233921,0.2191400,0.2151361,0.2113019,0.2074485,0.2035565,0.1997004,0.1959193,0.1922147,0.1884451,0.1847232,0.1810851,0.1775318
2,1,1,1,1,1,1.0035263,0.9814393,0.9730627,0.9643790,0.9562750,0.9488436,0.9406586,0.9371387,0.9337312,0.9309640,0.9314041,0.9228766,0.9158241,0.8881458,0.8625754,0.8419067,0.8218332,0.8003459,0.7789863,0.7575808,0.7360986,0.7121432,0.6894934,0.6706045,0.6502164,0.6300379,0.6109593,0.5932282,0.5750971,0.5591009,0.5475606,0.5351711,0.5228439,0.5108282,0.4980385,0.4841249,0.4718870,0.4593868,0.4478502,0.4350404,0.4234651,0.4117313,0.4005608,0.3897246,0.3798857,0.3705656,0.3615166,0.3527427,0.3442201,0.3359980,0.3282970,0.3210656,0.3146049,0.3084208,0.3022862,0.2958430,0.2890824,0.2822095,0.2751924,0.2682636,0.2615585,0.2549004,0.2482791,0.2417009,0.2354840,0.2296113,0.2239225,0.2185316,0.2134353,0.2085443,0.2034572,0.1983442,0.1931729,0.1880685,0.1829898
3,0,0,0,0,0,1.0002494,0.9795545,0.9736395,0.9672164,0.9618162,0.9575245,0.9524230,0.9504333,0.9497317,0.9491620,0.9589869,0.9576120,0.9449707,0.9257315,0.9073838,0.8902347,0.8730445,0.8623685,0.8433734,0.8252566,0.8076441,0.7905639,0.7740249,0.7576662,0.7417160,0.7265056,0.7112687,0.6955774,0.6799250,0.6643914,0.6490450,0.6372657,0.6254008,0.6131199,0.6001532,0.5863043,0.5722266,0.5591457,0.5462464,0.5340034,0.5222717,0.5120243,0.5025388,0.4937913,0.4856813,0.4776248,0.4697182,0.4619184,0.4546010,0.4479693,0.4419152,0.4361310,0.4305797,0.4250808,0.4189837,0.4120168,0.4072231,0.4014385,0.3957408,0.3906841,0.3867004,0.3828524,0.3798671,0.3763123,0.3718458,0.3665523,0.3619362,0.3578112,0.3523904,0.3477363,0.3436401,0.3389182,0.3335353,0.3283442,0.3235367
3,0,0,0,0,1,1.0019962,0.9802974,0.9737950,0.9674939,0.9622557,0.9580831,0.9532704,0.9530843,0.9534670,0.9535715,0.9620622,0.9594021,0.9467572,0.9263459,0.9078472,0.8910525,0.8736918,0.8535736,0.8352837,0.8187898,0.8034153,0.7870726,0.7708342,0.7543261,0.7383019,0.7223832,0.7062924,0.6910674,0.6761598,0.6616659,0.6472524,0.6362931,0.6245962,0.6120280,0.5990013,0.5855873,0.5724487,0.5597855,0.5477318,0.5363795,0.5254458,0.5158660,0.5073246,0.4993595,0.4916704,0.4841601,0.4770000,0.4701561,0.4635868,0.4575606,0.4523374,0.4476277,0.4434159,0.4394036,0.4352943,0.4311559,0.4271716,0.4238433,0.4206254,0.4171211,0.4132288,0.4089445,0.4038208,0.3984696,0.3938881,0.3895562,0.3852573,0.3810478,0.3767141,0.3716524,0.3667008,0.3612284,0.3554867,0.3503922,0.3458600
3,0,0,0,1,0,1.00049,0.9796355,0.9733145,0.9662909,0.9600818,0.9548324,0.9487122,0.9456654,0.9438308,0.9421040,0.9495647,0.9455026,0.9302478,0.9083987,0.8873464,0.8686696,0.8529785,0.8422934,0.8175199,0.7955753,0.7742968,0.7539983,0.7346415,0.7167631,0.6985775,0.6805528,0.6626171,0.6447424,0.6267562,0.6094897,0.5933473,0.5817206,0.5707511,0.5590285,0.5463557,0.5323523,0.5183719,0.5047513,0.4927934,0.4818586,0.4714889,0.4622750,0.4541078,0.4466347,0.439663,0.4328179,0.4262787,0.419789,0.4136041,0.4075433,0.4017347,0.3959581,0.3905003,0.3873838,0.3838159,0.3808466,0.3785294,0.3762225,0.3735996,0.3723178,0.3700338,0.3664675,0.3626865,0.3584258,0.3541120,0.3498066,0.3452284,0.3410832,0.3366275,0.3319525,0.3262786,0.3217065,0.3162497,0.3105607,0.3046783
3,0,0,0,1,1,1.0022232,0.9803711,0.9734868,0.9665551,0.9604874,0.9553475,0.9495097,0.9482396,0.9474260,0.9462804,0.9519386,0.9450996,0.9401610,0.9121408,0.8893848,0.8715191,0.8502635,0.8318471,0.8130969,0.7939969,0.7745115,0.7536378,0.7326707,0.7131793,0.6958328,0.6778600,0.6598994,0.6426129,0.6261612,0.6102771,0.5947135,0.5835907,0.5715722,0.5595343,0.5468454,0.5335661,0.5205725,0.5085448,0.4976918,0.4876038,0.4781273,0.4695306,0.4615546,0.4540590,0.4468942,0.4402234,0.4341140,0.4282867,0.4228189,0.4177972,0.4136505,0.4103255,0.4075228,0.4050769,0.4027921,0.4011355,0.3994109,0.3975355,0.3954531,0.3932561,0.3907407,0.387559,0.3838806,0.3796974,0.3754168,0.3709743,0.3661868,0.3610785,0.3555298,0.3496444,0.3428946,0.3367358,0.3315764,0.3272145,0.3226381
3,0,0,1,0,0,1.0002494,0.9795545,0.9736395,0.9672164,0.9618162,0.9575245,0.9524230,0.9504333,0.9497317,0.9491620,0.9589869,0.9546914,0.9542166,0.9279182,0.9092234,0.8914337,0.8739329,0.8643654,0.8447319,0.8279171,0.8102446,0.7932368,0.7770500,0.7614037,0.7460480,0.7315303,0.7183632,0.7053970,0.6925466,0.6801943,0.6679823,0.6588448,0.6497966,0.6406621,0.6309604,0.6205224,0.6098289,0.5988512,0.5878040,0.5772396,0.5670506,0.5576082,0.5488311,0.5411657,0.5337736,0.5263689,0.5187519,0.5111912,0.5040729,0.4973890,0.4915773,0.4861099,0.4807400,0.4752883,0.4697091,0.4641413,0.4586088,0.4531216,0.4474522,0.4415996,0.4356485,0.4296137,0.4236130,0.4165402,0.4100985,0.4042352,0.3983314,0.3921056,0.3858169,0.3800228,0.3746377,0.3659836,0.3586387,0.3524504,0.3449416
3,0,0,1,0,1,1.0019962,0.9802974,0.9737950,0.9674939,0.9622557,0.9580831,0.9532704,0.9530843,0.9534670,0.9535715,0.9620622,0.9593671,0.9467086,0.9267520,0.9088215,0.8921116,0.8747503,0.8548454,0.8379876,0.8213854,0.8063333,0.7903090,0.7743668,0.7588917,0.7451652,0.7312140,0.7158416,0.7034932,0.6905583,0.6777988,0.6657962,0.6581538,0.6504627,0.6420621,0.6329337,0.6230159,0.6121334,0.6014058,0.5912191,0.5814173,0.5717510,0.5628210,0.5545699,0.5467039,0.5390769,0.5314890,0.5238584,0.5161534,0.5082962,0.5005337,0.4931873,0.4859244,0.4789094,0.4717511,0.4645034,0.4575854,0.4513052,0.4448815,0.4380765,0.4311301,0.4240491,0.4165195,0.4086055,0.4004780,0.3923558,0.3842446,0.3761089,0.3680069,0.3599385,0.3524404,0.3454972,0.3387082,0.3334241,0.3271080,0.3198916
3,0,0,1,1,0,1.00049,0.9796355,0.9733145,0.9662909,0.9600818,0.9548324,0.9487122,0.9456654,0.9438308,0.9421040,0.9495647,0.9429284,0.9391353,0.9123255,0.8903875,0.8704888,0.8572755,0.8352587,0.8212462,0.7981906,0.7774860,0.7572253,0.7384565,0.7211778,0.7034624,0.6866139,0.6699803,0.6541006,0.6398168,0.6258932,0.6123818,0.6037370,0.5954184,0.5872177,0.5786124,0.5692087,0.5596762,0.5503703,0.5413088,0.5332034,0.525471,0.5180172,0.5106838,0.5038626,0.4975213,0.4912921,0.4849166,0.4781596,0.4711835,0.4639752,0.4572297,0.4507876,0.4448557,0.4394108,0.4341180,0.4291009,0.4240739,0.4192088,0.4143229,0.4096011,0.4050861,0.3995876,0.3946440,0.3898807,0.3851560,0.3801751,0.3751146,0.3677951,0.3620561,0.3579528,0.3500441,0.3454204,0.3399961,0.3349996,0.3307371
3,0,0,1,1,1,1.0022232,0.9803711,0.9734868,0.9665551,0.9604874,0.9553475,0.9495097,0.9482396,0.9474260,0.9462804,0.9519386,0.9451106,0.9400858,0.9121872,0.8902110,0.8724469,0.8513509,0.8332677,0.8148728,0.7961739,0.7772906,0.7574777,0.7365145,0.7174035,0.701041,0.6850834,0.6689997,0.6541058,0.6396943,0.6264156,0.6127429,0.6043837,0.5964790,0.5889543,0.5803052,0.5710344,0.5615165,0.5520862,0.5433276,0.5357898,0.5288753,0.5223681,0.5160016,0.5097730,0.5032618,0.4968419,0.4905359,0.4839949,0.4769678,0.4699122,0.4635826,0.4572576,0.4507679,0.4441423,0.4373329,0.4303936,0.4236111,0.4168108,0.4097397,0.4024024,0.3949277,0.3868368,0.3782005,0.3693138,0.3607225,0.3523928,0.3442300,0.3362672,0.3287321,0.3215949,0.3125341,0.3090339,0.3058877,0.3017371,0.2992832
3,0,1,0,0,0,1.0016334,0.9808014,0.9750389,0.9687391,0.9632961,0.9588044,0.9534209,0.9512438,0.9502165,0.9496856,0.9571231,0.9535737,0.9536336,0.9305639,0.9118045,0.8939240,0.8817595,0.8674413,0.8536971,0.8324416,0.8185154,0.7983534,0.7801773,0.7624347,0.7458270,0.7296652,0.7136845,0.6975934,0.6813874,0.6652972,0.6496450,0.6371698,0.6250565,0.6130194,0.6007861,0.5874735,0.5744754,0.5620754,0.5501004,0.5392192,0.5292271,0.5194355,0.5106203,0.5030224,0.495752,0.4884140,0.4810738,0.4738286,0.4665938,0.4598812,0.4536471,0.4478346,0.4422788,0.4367229,0.4311887,0.4254254,0.4195759,0.4136906,0.4077449,0.4019232,0.3963004,0.3908424,0.3857524,0.3813022,0.3760398,0.3715266,0.3677578,0.3641744,0.3595927,0.3541745,0.3488489,0.3438814,0.3392310,0.3345376,0.3298091
3,0,1,0,0,1,1.0033792,0.9815416,0.9752101,0.9690080,0.9637176,0.9593406,0.9542323,0.9538460,0.9538678,0.954008,0.9602923,0.9564885,0.9550426,0.9312318,0.9121272,0.8953226,0.8750174,0.8578549,0.8412018,0.8259360,0.8095721,0.7930753,0.7783002,0.7623960,0.7464949,0.7297096,0.7114918,0.6955138,0.6791970,0.6635643,0.6493130,0.6373818,0.6254134,0.6126368,0.6001488,0.5876375,0.5755789,0.5638352,0.5527610,0.5427775,0.5336854,0.5247250,0.5165018,0.5092628,0.5020524,0.4947850,0.4875812,0.4801934,0.4729561,0.4660277,0.4598714,0.454255,0.4492529,0.4445642,0.4400768,0.4355932,0.4310680,0.4266634,0.4222073,0.4176411,0.4129817,0.4080708,0.4028528,0.3974260,0.3921179,0.3867112,0.3812176,0.3757459,0.3701700,0.3644345,0.3584814,0.3536589,0.3490358,0.3443262,0.3396742
3,0,1,0,1,0,1.0018798,0.9808811,0.9747312,0.9678049,0.9615403,0.9560895,0.9497016,0.9464770,0.9443326,0.9426450,0.9477759,0.941857,0.9390533,0.9156877,0.8939116,0.8675759,0.8577818,0.8370175,0.8225055,0.8048971,0.7870587,0.7631554,0.7419476,0.7223436,0.7035580,0.6851324,0.6669475,0.6489202,0.6309965,0.6134183,0.5972634,0.5844772,0.5726459,0.5617680,0.5504870,0.5380410,0.5252209,0.5133735,0.5025497,0.4930339,0.4845898,0.4761269,0.4681906,0.4611295,0.4544919,0.4479499,0.4413594,0.4347984,0.4281243,0.4213227,0.4144574,0.4073198,0.4023982,0.3972570,0.3926961,0.3889422,0.3853638,0.3816776,0.3789589,0.3758394,0.3714284,0.3667552,0.3615231,0.3561539,0.3510577,0.3463052,0.3417266,0.3374853,0.3334596,0.3295681,0.3257948,0.3215789,0.3168133,0.3117212,0.3058351
3,0,1,0,1,1,1.003614,0.9816158,0.9748923,0.9680626,0.9619431,0.9566009,0.9504838,0.9490233,0.9478530,0.9467381,0.9502295,0.9442491,0.9364607,0.9077171,0.8845847,0.8656241,0.8573017,0.8387557,0.8206671,0.8019993,0.7816336,0.7585275,0.7375059,0.7179616,0.7001941,0.6819770,0.6642525,0.6468908,0.6305877,0.6138432,0.5976255,0.5862202,0.5750117,0.5638251,0.5520913,0.539578,0.5274880,0.5173116,0.5076692,0.4991335,0.4914277,0.4835618,0.4763391,0.4691334,0.4621875,0.4555701,0.4489722,0.4426869,0.4363687,0.4303625,0.4250322,0.4201405,0.4157771,0.4121885,0.4089225,0.4064429,0.4040784,0.4015298,0.3985818,0.3953662,0.3917103,0.3872369,0.3821715,0.3763886,0.3703219,0.3638997,0.3573294,0.3509475,0.3446219,0.3382412,0.3318680,0.3260632,0.3208781,0.3161286,0.3116845
3,0,1,1,0,1,1.0033792,0.9815416,0.9752101,0.9690080,0.9637176,0.9593406,0.9542323,0.9538460,0.9538678,0.954008,0.9602923,0.9564393,0.9549159,0.9312323,0.9123821,0.8959359,0.8758401,0.8591723,0.8428066,0.8279668,0.8120911,0.7981219,0.7828394,0.7667492,0.7508552,0.7352659,0.7174799,0.7017621,0.6896988,0.6773422,0.6657665,0.6567997,0.6471751,0.6375299,0.6274184,0.6166591,0.6061780,0.5956593,0.5851908,0.5749484,0.5645401,0.5534853,0.5429617,0.5330795,0.5230413,0.5128856,0.5028503,0.4927399,0.4827877,0.4734347,0.4650124,0.4572182,0.4501800,0.4437653,0.4378030,0.4315171,0.4248517,0.4184354,0.4115558,0.4045430,0.3976823,0.3907230,0.3836037,0.3764219,0.3693665,0.3623238,0.3553581,0.3485533,0.3419632,0.3356642,0.3295110,0.3231856,0.3180275,0.3125372,0.3065053
3,0,1,1,1,0,1.0018798,0.9808811,0.9747312,0.9678049,0.9615403,0.9560895,0.9497016,0.9464770,0.9443326,0.9426450,0.9477759,0.9418690,0.9324499,0.9261925,0.9004616,0.8713874,0.8592976,0.8440504,0.8272197,0.8095396,0.7907109,0.7682076,0.7513048,0.7293445,0.7104256,0.6913524,0.6745082,0.6583522,0.6426773,0.6273461,0.6125182,0.6014464,0.5915436,0.5819996,0.5747683,0.5658786,0.5558422,0.5464244,0.5369838,0.5279903,0.5188026,0.5082412,0.4976254,0.4870803,0.4765773,0.4652077,0.4533163,0.4412036,0.4289647,0.4165492,0.4051060,0.3947127,0.3856354,0.3777236,0.3706276,0.3642023,0.3579991,0.3519728,0.3461376,0.3405597,0.3353247,0.3298878,0.3242766,0.3187738,0.3136071,0.3087139,0.3041042,0.2996503,0.2952610,0.2905550,0.2854782,0.2786378,0.2717476,0.2670888,0.2605288
3,0,1,1,1,1,1.003614,0.9816158,0.9748923,0.9680626,0.9619431,0.9566009,0.9504838,0.9490233,0.9478530,0.9467381,0.9502295,0.9442508,0.9365265,0.90792,0.8849423,0.8661754,0.8570479,0.8396735,0.8221320,0.8040041,0.7851985,0.7622691,0.7414984,0.7218214,0.7047281,0.6881724,0.6714170,0.6554161,0.6407103,0.6276017,0.6143609,0.6052032,0.5960954,0.5880961,0.5789547,0.5690105,0.5588255,0.5494586,0.5402425,0.5317204,0.5231463,0.5135304,0.5039120,0.4938036,0.4834760,0.4732080,0.4631398,0.4533366,0.4436160,0.4344495,0.4261759,0.4190244,0.4122963,0.4059972,0.4002135,0.3944951,0.3886079,0.3824745,0.3761085,0.36961,0.3629988,0.3559389,0.3484012,0.3407022,0.3334896,0.3265601,0.3197951,0.3129669,0.3062974,0.2998567,0.2916125,0.2852191,0.2807688,0.2786086,0.2749455
3,1,0,0,0,1,1.0019962,0.9802974,0.9724310,0.9646853,0.9579020,0.9520392,0.9454171,0.9432201,0.9413879,0.9393566,0.9438253,0.9373218,0.9281486,0.8992892,0.8763192,0.8572488,0.8481789,0.8274058,0.8082609,0.7890472,0.7698953,0.7487277,0.7283457,0.7100263,0.6913023,0.6749173,0.6555647,0.6386253,0.6212394,0.6050006,0.5890650,0.5758084,0.5624575,0.5482572,0.5335687,0.5189620,0.5045736,0.4909980,0.4777130,0.4650343,0.4528483,0.4417829,0.4316706,0.4222644,0.4131105,0.4039471,0.3948024,0.3861912,0.3779790,0.3702131,0.3631175,0.3565284,0.3504410,0.3443885,0.3390829,0.3338542,0.3283611,0.3222814,0.3161358,0.3093218,0.3027741,0.2962481,0.2900153,0.2841887,0.2785182,0.2725336,0.2662732,0.2600189,0.2537290,0.2475033,0.2418668,0.2361841,0.2306578,0.2255099,0.2206898
3,1,0,0,1,0,1.00049,0.9796355,0.9719320,0.9634376,0.9556386,0.9486288,0.9406053,0.9354704,0.9313442,0.9273213,0.9308508,0.9221120,0.9157129,0.8867180,0.8627674,0.8469766,0.8277538,0.8079512,0.7867947,0.7602561,0.7419759,0.7150788,0.6973129,0.6742954,0.6522791,0.6317708,0.6119130,0.5921897,0.5732646,0.5557688,0.5383037,0.5248984,0.5117081,0.4982057,0.4831034,0.4677086,0.4542882,0.4410201,0.4286433,0.4170635,0.4056666,0.395253,0.3848980,0.3754749,0.3663286,0.3573053,0.3484322,0.3397127,0.3313470,0.3238688,0.3166282,0.3097633,0.3036132,0.2982092,0.2929134,0.2874792,0.2821720,0.2768674,0.2715114,0.2662457,0.2611859,0.2560818,0.2507946,0.2456116,0.2408984,0.2366540,0.2326076,0.2284886,0.2249089,0.2214018,0.2184991,0.2144194,0.2104449,0.2060058,0.2005807
3,1,0,0,1,1,1.0022232,0.9803711,0.9721142,0.9637183,0.9560753,0.9492004,0.9414992,0.9381458,0.9350650,0.9317408,0.9340392,0.9251075,0.9132528,0.8880118,0.8524129,0.8216544,0.7961471,0.7742944,0.7610922,0.7472736,0.7418829,0.7198103,0.6983775,0.6752007,0.6531977,0.6320999,0.6128813,0.5944698,0.5757344,0.5578405,0.5405953,0.5276428,0.5152188,0.5027395,0.4900106,0.4758794,0.4616271,0.4486613,0.4355365,0.4229102,0.4117383,0.4031100,0.3949795,0.3873395,0.3793940,0.3713257,0.3634121,0.3556008,0.3478554,0.3407146,0.3341892,0.3279533,0.3231866,0.3187689,0.3144943,0.3103435,0.3060763,0.3008777,0.2952850,0.2903673,0.2853282,0.2802685,0.2753547,0.2703192,0.2654237,0.2603667,0.2551502,0.2497806,0.2444658,0.2392125,0.2341449,0.2293963,0.2248879,0.2205011,0.2161141
3,1,0,1,0,1,1.0019962,0.9802974,0.9724310,0.9646853,0.9579020,0.9520392,0.9454171,0.9432201,0.9413879,0.9393566,0.9438253,0.9373317,0.9282132,0.8994933,0.8767029,0.8578291,0.8478051,0.8280828,0.8097352,0.7910918,0.77256,0.7518698,0.7319513,0.7162067,0.6992583,0.6824584,0.6649787,0.6508849,0.6348816,0.6214239,0.6089447,0.6003035,0.5904597,0.5802870,0.5690946,0.5565234,0.5433217,0.5327402,0.5194796,0.5076720,0.4962465,0.4853734,0.4750904,0.4654503,0.4555732,0.4457530,0.4358396,0.4266029,0.4174922,0.4087545,0.4006232,0.3929043,0.3854608,0.3780545,0.3708554,0.3637799,0.3566242,0.3493603,0.3417614,0.3340948,0.3265230,0.3188319,0.3110685,0.3032340,0.29562,0.2881442,0.2808546,0.2737564,0.2669562,0.2604597,0.2542818,0.2486269,0.2434337,0.2383250,0.2325617
3,1,0,1,1,0,1.00049,0.9796355,0.9719320,0.9634376,0.9556386,0.9486288,0.9406053,0.9354704,0.9313442,0.9273213,0.9308508,0.9221196,0.9156281,0.8894625,0.8655518,0.8495035,0.8295202,0.8097398,0.7890209,0.7681147,0.7471441,0.7193426,0.7023985,0.6779796,0.6618878,0.6392806,0.6264242,0.6050268,0.5924526,0.5772281,0.5621787,0.5503808,0.5386169,0.5277392,0.5165683,0.5054023,0.4933625,0.4839377,0.4732193,0.4627049,0.4523454,0.4425517,0.4325463,0.4229798,0.4133135,0.4037572,0.3939733,0.3845803,0.3746447,0.3650641,0.3557605,0.3464891,0.3375461,0.3290667,0.3205001,0.3122718,0.3044275,0.2970397,0.2897423,0.2828723,0.2764406,0.2703245,0.2645210,0.2590122,0.2539771,0.2487884,0.2446394,0.2398284,0.2353114,0.2306777,0.2260697,0.2217981,0.2177365,0.2136476,0.2098432
3,1,0,1,1,1,1.0022232,0.9803711,0.9721142,0.9637183,0.9560753,0.9492004,0.9414992,0.9381458,0.9350650,0.9317408,0.9340392,0.9266065,0.9091754,0.8864534,0.8652061,0.8459076,0.8259269,0.8022262,0.7798470,0.7603849,0.7402257,0.7193775,0.6989041,0.6794501,0.6583678,0.6399268,0.6233627,0.6070212,0.5909010,0.5768681,0.5670322,0.5582319,0.5501444,0.5371679,0.5283100,0.5160064,0.5043830,0.4935081,0.4824012,0.4724105,0.4620110,0.4522365,0.4428030,0.4332830,0.4240886,0.4147520,0.4058057,0.3970548,0.3881132,0.3794716,0.3721203,0.3652640,0.3587385,0.3523094,0.3457209,0.3387429,0.3316662,0.3246857,0.3175025,0.3100532,0.3026854,0.2949649,0.2871632,0.2793570,0.2717737,0.2644119,0.2572637,0.2504183,0.2438858,0.2377438,0.2315147,0.2258673,0.220577,0.2155177,0.2107692
3,1,1,0,0,1,1.0033792,0.9815416,0.9738429,0.9661900,0.9593499,0.9532816,0.9463378,0.9439244,0.9417388,0.9396834,0.9419743,0.9385723,0.9247103,0.9051193,0.8866261,0.8696824,0.8487352,0.8309450,0.8126946,0.7943605,0.7757376,0.756924,0.7355640,0.7151776,0.6987459,0.6798621,0.6615152,0.6434342,0.6260405,0.6086950,0.5913545,0.5770727,0.5631308,0.5490598,0.5350359,0.5215970,0.5083389,0.4950961,0.4825001,0.4713194,0.4605295,0.4496347,0.4399025,0.4307124,0.4216218,0.4126769,0.4039208,0.3952169,0.3865830,0.3783940,0.3706179,0.3631460,0.3560419,0.3504030,0.3448517,0.3390149,0.3331649,0.3274163,0.3207727,0.3141569,0.3082797,0.3023226,0.2960233,0.2896771,0.2835288,0.2775269,0.2714998,0.2656683,0.2599353,0.2542659,0.2486843,0.2433217,0.2380064,0.2323517,0.2264195
3,1,1,0,1,0,1.0018798,0.9808811,0.9733454,0.9649419,0.9570826,0.9498703,0.9415521,0.936222,0.9317897,0.9277664,0.9289743,0.9210991,0.9111905,0.8834458,0.8630346,0.8437599,0.8292402,0.8094135,0.7903562,0.7685480,0.7472166,0.7251921,0.7038805,0.6823661,0.6631668,0.6381187,0.6204279,0.5980537,0.5819905,0.5611926,0.5419646,0.5269956,0.5131032,0.5000013,0.4867173,0.4730030,0.4594304,0.4465246,0.4360383,0.4251355,0.4150501,0.4041862,0.3941398,0.3842319,0.3743410,0.3646894,0.3551313,0.3461045,0.3376462,0.3294422,0.3213019,0.3133844,0.3061313,0.2994890,0.2930448,0.2870216,0.2812701,0.2758223,0.2705437,0.2656608,0.2609958,0.2564007,0.2517797,0.247425,0.2433206,0.2389400,0.2348571,0.2312118,0.2277323,0.2242517,0.2208243,0.2175698,0.2128046,0.2092133,0.2055399
3,1,1,0,1,1,1.003614,0.9816158,0.9735165,0.9652163,0.9575166,0.9504388,0.9424314,0.938871,0.9354048,0.9320786,0.9322983,0.9260279,0.9096750,0.8878414,0.8675272,0.8487912,0.8291219,0.8056219,0.7833248,0.7639684,0.7436812,0.7227056,0.7017742,0.6814928,0.6604450,0.6395197,0.6195481,0.6016794,0.5829395,0.5652681,0.5478490,0.5342647,0.5207964,0.5073207,0.4940611,0.4806597,0.4682891,0.4568729,0.4458336,0.436811,0.4270750,0.4177619,0.4079891,0.3993281,0.3903993,0.3817093,0.3733116,0.3650714,0.3572014,0.3498631,0.3431043,0.3374519,0.3323665,0.3274166,0.3221581,0.3168858,0.3108579,0.3048209,0.2995310,0.2941256,0.2888837,0.2832012,0.2772730,0.2710049,0.2647040,0.2585831,0.2525259,0.2467279,0.2411308,0.2356021,0.2301383,0.2251310,0.2204612,0.2158671,0.2113720
3,1,1,1,0,0,1.0016334,0.9808014,0.9736617,0.9659044,0.9588981,0.9526675,0.9454132,0.9412098,0.9379911,0.9352677,0.938775,0.9357854,0.9264725,0.9087466,0.8857376,0.8727663,0.8544675,0.8371981,0.8188454,0.8007017,0.7823162,0.7636629,0.7452990,0.7250793,0.7083928,0.6891227,0.6733707,0.6544323,0.6391012,0.6221222,0.6051458,0.5910895,0.5774725,0.5644705,0.5529811,0.5419066,0.5307158,0.5189972,0.5069714,0.4948222,0.4826499,0.4702744,0.4588965,0.4479536,0.4371846,0.4264424,0.4160074,0.4059709,0.3963116,0.3869266,0.3784153,0.3705130,0.3632064,0.3564979,0.3498656,0.3433889,0.3366118,0.3298761,0.3229442,0.3160015,0.3090898,0.3022345,0.2955231,0.2891476,0.2831385,0.2767128,0.2712516,0.2655963,0.260662,0.2551924,0.2499855,0.2450451,0.2401124,0.2350014,0.2291227
3,1,1,1,0,1,1.0033792,0.9815416,0.9738429,0.9661900,0.9593499,0.9532816,0.9463378,0.9439244,0.9417388,0.9396834,0.9419743,0.9385299,0.9246755,0.9052115,0.8870152,0.8705078,0.8498150,0.8371310,0.8171511,0.798214,0.7794302,0.7607565,0.7409598,0.7206010,0.7029414,0.6854510,0.6686221,0.6523670,0.6376686,0.6226598,0.6110637,0.6006046,0.5895943,0.5787412,0.5656629,0.5542947,0.5419323,0.5291983,0.5163459,0.5038329,0.4914395,0.4797895,0.4689529,0.4587924,0.4489866,0.4390941,0.4295097,0.4201210,0.4111228,0.4024434,0.3943787,0.3868446,0.3798278,0.3732009,0.3666495,0.3599313,0.3529126,0.3456974,0.3382360,0.3309181,0.3238034,0.3165464,0.3091925,0.3017880,0.2946372,0.2876459,0.2809809,0.2745705,0.2684415,0.2626171,0.2570872,0.2518636,0.2469745,0.2416926,0.2371297
3,1,1,1,1,0,1.0018798,0.9808811,0.9733454,0.9649419,0.9570826,0.9498703,0.9415521,0.936222,0.9317897,0.9277664,0.9289743,0.9232571,0.9112045,0.8911061,0.8710217,0.8520903,0.8331990,0.8121379,0.7922767,0.7702256,0.7504923,0.7280926,0.7074287,0.6870482,0.6663678,0.6462286,0.6284965,0.6102739,0.5923118,0.5751098,0.5583786,0.5447506,0.5329476,0.5224781,0.5118458,0.5007737,0.4898361,0.4790365,0.4679267,0.4566208,0.4448546,0.4328295,0.4210265,0.4095188,0.3984346,0.3873417,0.3763861,0.3658498,0.3555042,0.3451577,0.3352783,0.3257532,0.3168383,0.3087249,0.3009798,0.2934363,0.2859918,0.2789674,0.2722012,0.2657946,0.2598987,0.2542977,0.2489674,0.2438594,0.2390666,0.2346214,0.2304046,0.2263642,0.2224710,0.2186250,0.2147632,0.2109452,0.2072205,0.2035844,0.2000314
3,1,1,1,1,1,1.003614,0.9816158,0.9735165,0.9652163,0.9575166,0.9504388,0.9424314,0.938871,0.9354048,0.9320786,0.9322983,0.9259768,0.9096551,0.8879929,0.8680100,0.8549061,0.8322250,0.8081319,0.7910871,0.7662578,0.7514407,0.7285681,0.7068315,0.6858250,0.6651979,0.6446552,0.6271100,0.6132411,0.5990639,0.5855405,0.5694602,0.5582236,0.5464271,0.5348115,0.5233490,0.5118710,0.5009968,0.4900034,0.4788597,0.4677407,0.4564879,0.4456056,0.4349645,0.4244554,0.4141441,0.4042113,0.3943814,0.3846980,0.3754034,0.3665466,0.3583504,0.3514365,0.3453498,0.3394457,0.3335860,0.3274972,0.3206360,0.3135747,0.3065964,0.2996970,0.2927327,0.2855248,0.2783631,0.2711184,0.2642047,0.2574898,0.2510609,0.2449428,0.2391687,0.2337138,0.2284497,0.2232388,0.2185135,0.2138543,0.2092738
